{"Records": [{
    "eventVersion": "1.08",
    "eventTime": "2014-07-16T15:49:27Z",
    "eventSource": "signin.amazonaws.com",
    "eventName": "ConsoleLogin",
    "userIdentity": {
        "type": "IAMUser",
        "principalId": "AIDA6ON6E4XEGITEXAMPLE",
        "arn": "arn:aws:iam::888888888888:user/Mary",
        "accountId": "888888888888",
        "accessKeyId": "AKIAIOSFODNN7EXAMPLE",
        "userName": "Mary",
        "sessionContext": {
            "sessionIssuer": {},
            "webIdFederationData": {},
            "attributes": {
                "creationDate": "2023-07-19T21:11:57Z",
                "mfaAuthenticated": "false"
            }
        }
    },
    "tlsDetails": {
        "tlsVersion": "TLSv1.2",
        "cipherSuite": "ECDHE-RSA-AES128-GCM-SHA256",
        "clientProvidedHostHeader": "iam.amazonaws.com"
    },

    "resources": [
    {
      "accountId": "444455556666",
      "type": "AWS::IAM::Role",
      "ARN": "arn:aws:iam::444455556666:role/FederatedWebIdentityRole"
    },
    {
        "accountId": "4444555577777",
        "type": "AWS::IAM::Role",
        "ARN": "arn:aws:iam::4444555577777:role/FederatedWebIdentityRole"
    }
   ],





   "requestParameters": {
    "roleArn": "arn:aws:iam::111122223333:role/EC2-dev",
    "roleSessionName": "JohnDoe-EC2-dev",
    "sourceIdentity": "JohnDoe",
    "serialNumber": "arn:aws:iam::777788889999:mfa"
},

    "responseElements": {
        "user": {
            "path": "/",
            "arn": "arn:aws:iam::888888888888:user/Richard",
            "userId": "AIDA6ON6E4XEP7EXAMPLE",
            "createDate": "Jul 19, 2023 9:25:09 PM",
            "userName": "Richard"
        }
    },

    "responseElements1": {
        "credentials": {
        "sessionToken": "<encoded session token blob>",     
        "accessKeyId": "ASIAI44QH8DHBEXAMPLE",     
        "expiration": "Jul 18, 2014, 4:07:39 PM"     
        },   
        "assumedRoleUser": {     
        "assumedRoleId": "AIDAQRSTUVWXYZEXAMPLE:JohnDoe-EC2-dev",     
        "arn": "arn:aws:sts::111122223333:assumed-role/EC2-dev/JohnDoe-EC2-dev"   
        },
    "sourceIdentity": "JohnDoe"
  },

  "additionalEventData": {
    "MobileVersion": "No",
    "LoginTo": "https://console.aws.amazon.com/s3/",
    "MFAUsed": "No"
  },
  "additionalEventData1": {
    "identityProviderConnectionVerificationMethod": "IAMTrustStore"
  }
}]}       